,Title,Total,Price,Location
0,Othentic - Kemeja Flanel Unisex Earthy Brownie,21 Terjual,Rp157.990,KOTA JAKARTA TIMUR
1,Othentic - Kemeja Flanel Unisex Rainy Blues,16 Terjual,Rp157.990,KOTA JAKARTA TIMUR
2,Othentic - Kemeja Flanel Unisex Crescent Maroon,15 Terjual,Rp157.990,KOTA JAKARTA TIMUR
3,Kemeja Flanel Pria dan Wanita Lengan Panjang kotak kotak Premium Unisex Flannel Hem Terlaris Uniqlo Brill Eighty Eight,10RB+ Terjual,Rp124.020,KOTA TANGERANG SELATAN
4,KEMEJA FLANEL PRIA LENGAN PANJANG DISTRO FANEL MOTIP KOTAK TERBARU TERPOPULER,10RB+ Terjual,Rp65.000,KOTA BANDUNG
5,ZWECKOUT LABEL - Kemeja Pria Flanel Premium Lengan Panjang Kotak Hitam,"5,3RB Terjual",Rp89.900,KAB. BANDUNG
6,House of Smith Flanel Shirt - Kemtak,"1,2RB Terjual",Rp425.000,KAB. BANDUNG
7,MSMO MEN Flanel Shirt LS / Kemeja Flanel Pria / Kemeja Pria,"4,2RB Terjual",Rp299.000,KOTA JAKARTA BARAT
8,Cottongo Kemeja Pique Panjang Thermal All Variant,10RB+ Terjual,Rp159.000,KOTA BANDUNG
9,DGM Fashion Kemeja Flanel Pria Premium Kemeja Flanel Pria Kemeja Kasual Flanel Pria Premium,10RB+ Terjual,Rp337.500,KOTA TANGERANG SELATAN
10,WOODCUTTER Dark Garry Flannel Shirt,"1,1RB Terjual",Rp164.500,KOTA BEKASI
11,WOODCUTTER Blue Aigner Flannel Shirt,565 Terjual,Rp162.500,KOTA BEKASI
12,WOODCUTTER Kemeja Brown Adney Flannel Shirt,967 Terjual,Rp159.500,KOTA BEKASI
13,ZWECKOUT LABEL - Kemeja Flanel Pria Lengan Panjang Kasual Flannel Motif Kotak,"4,8RB Terjual",Rp89.900,KAB. BANDUNG
14,WOODCUTTER Light Moreno Flannel Shirt,300 Terjual,Rp99.500,KOTA BEKASI
15,WOODCUTTER Kemeja Dark Johnson Flannel Shirt,977 Terjual,Rp159.500,KOTA BEKASI
16,WOODCUTTER Kemeja Brown Calera Flannel Shirt,162 Terjual,Rp164.500,KOTA BEKASI
17,Heyfreak L-shirt Flanel Bio,"3,5RB Terjual",Rp199.000,KOTA SERANG
18,WOODCUTTER Grey Dupont Flannel Shirt,340 Terjual,Rp99.500,KOTA BEKASI
19,WOODCUTTER Black Bradford Flannel Shirt,319 Terjual,Rp149.500,KOTA BEKASI
20,Peternation kemeja flanel wool basic panjang regular fit F1053,630 Terjual,Rp185.000,KOTA JAKARTA BARAT
21,WOODCUTTER Kemeja Green Alaska Flannel Shirt,338 Terjual,Rp162.500,KOTA BEKASI
22,Kemeja Flanel Impor Pria Kualitas Premium Lengan Panjang Unisex Hem Flannel Baju Flanel Pria Wanita Motif Kotak Kotak,10RB+ Terjual,Rp48.000,KAB. PEMALANG
23,WOODCUTTER Light Anderson Flannel Shirt,415 Terjual,Rp159.500,KOTA BEKASI
24,WOODCUTTER Black Orlando Flannel Shirt,443 Terjual,Rp174.500,KOTA BEKASI
25,FLANEL PRIA LENGAN PANJANG KEMEJA FLANNEL WANITA CROP KOTAK KOTAK OVERSIZE KEBESARAN 2023,"7,6RB Terjual",Rp49.999,KAB. PEMALANG
26,WOODCUTTER Kemeja Green Oakland Flannel Shirt,"1,6RB Terjual",Rp167.500,KOTA BEKASI
27,WOODCUTTER Light Stoner Flannel Shirt,507 Terjual,Rp162.500,KOTA BEKASI
28,WOODCUTTER Kemeja Cream Orlando Flannel Shirt,381 Terjual,Rp189.000,KOTA BEKASI
29,WOODCUTTER Blue Clever Flannel Shirt,221 Terjual,Rp99.500,KOTA BEKASI
30,WOODCUTTER Kemeja Dark Liberty Flannel Shirt,67 Terjual,Rp162.500,KOTA BEKASI
31,WOODCUTTER Kemeja Dark Portland Flannel Shirt,75 Terjual,Rp169.500,KOTA BEKASI
32,WOODCUTTER Jarvis Blue Flannel Shirt,288 Terjual,Rp99.500,KOTA BEKASI
33,WOODCUTTER Green Lucas Flannel Shirt,559 Terjual,Rp157.500,KOTA BEKASI
34,(BISA COD) KEMEJA FLANEL PREMIUM LENGAN PANJANG BRILL EIGHTY EIGHT TC002,10RB+ Terjual,Rp117.970,KOTA TANGERANG
35,WOODCUTTER Brown Marshall Flannel Shirt,405 Terjual,Rp162.500,KOTA BEKASI
36,WOODCUTTER Green Travolta Flannel Shirt,296 Terjual,Rp142.500,KOTA BEKASI
37,DGM Kemeja Flanel Pria Lengan Panjang Casual 2038,109 Terjual,Rp125.000,KOTA TANGERANG SELATAN
38,WOODCUTTER Kemeja Brown Vettel Flannel Shirt,337 Terjual,Rp164.500,KOTA BEKASI
39,Kemeja Flanel Pria Lengan Panjang Motif Kotak Kotak Kualitas Premium Flanel Terbaru 2021 Premium,10RB+ Terjual,Rp65.750,KAB. BREBES
40,WOODCUTTER Dark Parisien Flannel Shirt,555 Terjual,Rp159.500,KOTA BEKASI
41,WOODCUTTER Red Clinton Flannel Shirt,691 Terjual,Rp159.500,KOTA BEKASI
42,WOODCUTTER Dark Raptors Flannel Shirt,183 Terjual,Rp139.500,KOTA BEKASI
43,ZWECKOUT LABEL - Kemeja Flanel Pria Lengan Panjang Motif Kotak Kotak Abu Hitam,672 Terjual,Rp115.000,KAB. BANDUNG
44,WOODCUTTER Kemeja Black Monaco Flannel Shirt,224 Terjual,Rp159.500,KOTA BEKASI
45,WOODCUTTER Grey Draxler Flannel Shirt,395 Terjual,Rp162.500,KOTA BEKASI
46,Erigo Flannel Verlin Black Unisex,782 Terjual,Rp123.000,KAB. TANGERANG
47,WOODCUTTER Kemeja Dark Hudson Flannel Shirt,52 Terjual,Rp129.500,KOTA BEKASI
48,WOODCUTTER Cream Lorinser Flannel Shirt,568 Terjual,Rp159.500,KOTA BEKASI
49,Peternation kemeja flanel wool basic panjang regular fit F1055,386 Terjual,Rp185.000,KOTA JAKARTA BARAT
50,WOODCUTTER Kemeja Black Norton Flannel Shirt,33 Terjual,Rp149.500,KOTA BEKASI
51,Screamous Flannel TOMAD BLACK GREY,26 Terjual,Rp155.000,KOTA BANDUNG
52,Gloaming Long Shirt - X-Billiant Flanel Original Gloaming Green Black,118 Terjual,Rp139.900,KAB. KARANGANYAR
53,WOODCUTTER Dark Leeds Flannel Shirt,527 Terjual,Rp149.500,KOTA BEKASI
54,WOODCUTTER Dorm Scatola Flannel Shirt,523 Terjual,Rp167.500,KOTA BEKASI
55,Peternation kemeja flanel wool basic panjang regular fit F1111,136 Terjual,Rp185.000,KOTA JAKARTA BARAT
56,Superego Kemeja Two Pocket Snow Hijau Botol SKP01C,25 Terjual,Rp149.000,KOTA TANGERANG
57,HIGHTY Green Plaid Oxford Shirt,974 Terjual,Rp175.000,KOTA BANDUNG
58,Tshirt erigo and Flanel Youtube premiun 6month tshirt retro,123 Terjual,Rp30.000,KAB. MAJALENGKA
59,Common Goods Flannel Checked Long Sleeve Shirt - Dark Green Plaid,97 Terjual,Rp149.400,KOTA JAKARTA BARAT
